year	period	no.ice	doy	enso	co2	sunspots	air.t.as	aod	reff
1443	1	0	-24	0.502	285.1375			0.04	0.35
1444	1	0	-39	-0.558	285.3736			0.015	0.25
1445	1	0	-31	-0.552	285.5992			0.012	0.23
1446	1	0	-30	-0.223	285.8144			0.003	0.2
1447	1	0	-32	0.446	286.0193			0	0.2
1448	1	0	-24	-0.346	286.2141			0	0.2
1449	1	0	-19	0.518	286.399			0	0.2
1450	1	0	-24	-0.885	286.5741			0	0.2
1451	1	0	-9	1.238	286.7395			0.022	0.28
1452	1	0	-34	0.064	286.8955			0.007	0.2
1453	1	0	-29	0.454	287.0422			0.002	0.2
1454	1	0	-27	0.212	287.1797			0.015	0.25
1455	1	0	-31	-1.618	287.3082			0.056	0.39
1456	1	0	-27	-0.222	287.4278			0.272	0.65
1457	1	NA	NA	0.052	287.5387			0.193	0.58
1458	1	0	-26	1.186	287.6411			0.089	0.45
1459	1	0	-42	-0.703	287.7352			0.059	0.39
1460	1	0	-22	-0.511	287.821			0.047	0.37
1461	1	0	-17	0.119	287.8987			0.009	0.21
1462	1	0	-33	1.41	287.9685			0.002	0.2
1463	1	0	-22	0.237	288.0306			0.012	0.23
1464	1	0	-21	-1.721	288.0851			0.015	0.25
1465	1	0	-51	-1.286	288.1321			0.003	0.2
1466	1	0	-11	1.477	288.1719			0.001	0.2
1467	1	0	-20	1.795	288.2045			0.002	0.2
1468	1	0	-21	-1.16	288.2302			0.002	0.2
1469	1	0	2	0.477	288.249			0	0.2
1470	1	0	-36	0.309	288.2612			0	0.2
1471	1	0	-40	-1.75	288.2669			0.008	0.2
1472	1	0	-38	0.541	288.2662			0.002	0.2
1473	1	0	-28	0.573	288.2593			0.001	0.2
1474	1	0	-30	0.007	288.2465			0.014	0.24
1475	1	0	-31	-1.605	288.2277			0.004	0.2
1476	1	0	-25	0.134	288.2032			0.001	0.2
1477	1	0	-14	0.934	288.1732			0	0.2
1478	1	0	-15	1.209	288.1378			0	0.2
1479	1	0	-26	-0.715	288.0971			0	0.2
1480	1	0	-28	-1.107	288.0513			0.011	0.23
1481	1	0	-16	0.122	288.0006			0.015	0.25
1482	1	0	-7	0.425	287.9451			0.008	0.2
1483	1	0	-31	-1.392	287.8849			0.002	0.2
1484	1	0	-30	1.807	287.8204			0	0.2
1485	1	0	-21	0.119	287.7515			0	0.2
1486	1	0	-20	1.321	287.6784			0	0.2
1487	1	0	5	-0.715	287.6014			0	0.2
1488	1	0	-11	-1.142	287.5205			0	0.2
1489	1	0	-38	-0.085	287.436			0.008	0.2
1490	1	0	9	0.318	287.3479			0.002	0.2
1491	1	0	-26	0.578	287.2564			0.001	0.2
1492	1	0	-30	-0.168	287.1617			0	0.2
1493	1	0	-26	0.322	287.064			0.01	0.22
1494	1	0	-23	0.849	286.9634			0.014	0.24
1495	1	0	-28	-1.856	286.86			0.003	0.2
1496	1	0	-9	-0.892	286.7541			0.001	0.2
1497	1	0	-51	-0.612	286.6457			0.007	0.2
1498	1	0	-18	2.312	286.535			0.002	0.2
1499	1	0	-44	1.078	286.4223			0	0.2
1500	1	0	-35	-1.231	286.3075			0	0.2
1501	1	0	-16	-0.187	286.191			0	0.2
1502	1	0	-20	-0.601	286.0728			0	0.2
1503	1	0	-47	-0.158	285.9531			0.01	0.22
1504	1	0	-31	1.173	285.8321			0.003	0.2
1505	1	NA	NA	0.181	285.7099			0.008	0.2
1506	1	0	-42	-2.08	285.5867			0.008	0.21
1507	1	NA	NA	0.782	285.4627			0.002	0.2
1508	1	NA	NA	0.271	285.3379			0.021	0.28
1509	1	NA	NA	0.718	285.2126			0.012	0.23
1510	1	NA	NA	-1.041	285.0868			0.003	0.2
1511	1	NA	NA	1.21	284.9609			0.001	0.2
1512	1	NA	NA	-0.269	284.8348			0	0.2
1513	1	NA	NA	-0.294	284.7089			0	0.2
1514	1	NA	NA	1.012	284.5832			0	0.2
1515	1	0	-30	-0.392	284.4578			0.016	0.26
1516	1	0	-26	-0.705	284.333			0.005	0.2
1517	1	0	5	-0.797	284.2089			0.001	0.2
1518	1	0	-33	-0.561	284.0857			0	0.2
1519	1	0	-28	1.886	283.9635			0	0.2
1520	1	0	-17	0.257	283.8424			0.004	0.2
1521	1	0	-5	0.654	283.7227			0.008	0.2
1522	1	0	-30	-2.002	283.6044			0.002	0.2
1523	1	0	-30	0.138	283.4878			0.004	0.2
1524	1	0	-20	-0.162	283.3731			0.008	0.2
1525	1	0	-48	-0.179	283.2602			0.009	0.21
1526	1	0	-17	1.951	283.1495			0.025	0.3
1527	1	0	-15	0.322	283.041			0.006	0.2
1528	1	0	-35	-1.712	282.935			0.003	0.2
1529	1	0	-25	-0.503	282.8315			0	0.2
1530	1	0	-30	1.485	282.7308			0.003	0.2
1531	1	0	-29	0.389	282.633			0.001	0.2
1532	1	0	-22	-1.878	282.5382			0	0.2
1533	1	0	-41	-0.183	282.4466			0.002	0.2
1534	1	0	-15	0.028	282.3584			0	0.2
1535	1	0	-41	-0.198	282.2737			0	0.2
1536	1	0	5	1.769	282.1927			0.007	0.2
1537	1	0	-18	0.778	282.1155			0.014	0.25
1538	1	0	-44	-2.376	282.0424			0.003	0.2
1539	1	0	13	1.02	281.9733			0.001	0.2
1540	1	0	-39	1.549	281.9086			0	0.2
1541	1	0	-28	0.471	281.8483			0	0.2
1542	1	0	-16	-2.922	281.7926			0.011	0.23
1543	1	0	-27	0.643	281.7418			0.004	0.2
1544	1	0	-18	0.048	281.6958			0.001	0.2
1545	1	0	1	0.005	281.6549			0	0.2
1546	1	1	NA	0.638	281.6193			0	0.2
1547	1	0	-26	-0.768	281.5891			0	0.2
1548	1	0	-18	-0.948	281.5644			0	0.2
1549	1	0	-24	0.963	281.5455			0	0.2
1550	1	0	-27	0.847	281.5324			0	0.2
1551	1	0	3	-0.337	281.5253			0	0.2
1552	1	0	-37	-1.308	281.5244			0	0.2
1553	1	NA	NA	0.789	281.5299			0.012	0.23
1554	1	0	-23	0.214	281.5418			0.028	0.31
1555	1	1	NA	0.367	281.5604			0.012	0.23
1556	1	0	-29	0.347	281.5859			0.003	0.2
1557	1	0	-7	0.493	281.6182		14.452	0	0.2
1558	1	0	-31	-0.438	281.6577		14.936	0	0.2
1559	1	0	-29	-0.26	281.7045		14.387	0	0.2
1560	1	0	5	0.034	281.7587		14.917	0	0.2
1561	1	0	-21	-0.795	281.8203		13.959	0.03	0.32
1562	1	0	-27	-0.282	281.8879		14.834	0.01	0.22
1563	1	0	-19	-0.377	281.96		14.759	0.019	0.27
1564	1	0	-25	1.008	282.0352		14.489	0.006	0.2
1565	1	0	-32	1.289	282.112		13.996	0.001	0.2
1566	1	0	-23	-0.1	282.1887		15.122	0	0.2
1567	1	0	-27	-1.408	282.264		14.657	0.012	0.23
1568	1	0	-37	-0.163	282.3362		14.657	0.007	0.2
1569	1	0	-40	0.677	282.4039		14.164	0.002	0.2
1570	1	0	-5	0.366	282.4655		15.048	0.011	0.23
1571	1	0	-40	-0.498	282.5196		14.806	0.015	0.25
1572	1	0	-15	0.603	282.5646		13.568	0.009	0.21
1573	1	0	-32	-1.126	282.599		14.694	0.015	0.25
1574	1	0	7	0.025	282.6213		14.499	0.003	0.2
1575	1	0	-6	0.532	282.63		14.461	0.023	0.29
1576	1	0	-30	-0.75	282.6235		15.289	0.053	0.38
1577	1	0	-26	1.034	282.6003		14.071	0.019	0.27
1578	1	0	-3	1.274	282.559		14.61	0.02	0.28
1579	1	0	-18	-1.754	282.498		15.215	0.007	0.2
1580	1	0	-20	-1.202	282.4158		15.094	0.012	0.23
1581	1	0	-2	0.76	282.3108		14.806	0.003	0.2
1582	1	0	-45	1.211	282.1816		14.424	0.001	0.2
1583	1	0	-44	0.333	282.0267		14.768	0.011	0.22
1584	1	0	-34	-1.193	281.8445		15.113	0.003	0.2
1585	1	0	-17	-1.823	281.6335		13.903	0.053	0.38
1586	1	0	-34	1.629	281.3922		13.857	0.018	0.27
1587	1	0	-39	0.36	281.1191		14.396	0.004	0.2
1588	1	0	-17	0.679	280.8126		14.322	0.015	0.25
1589	1	0	-31	0.755	280.4722		15.196	0.005	0.2
1590	1	0	-18	-1.676	280.1008		14.964	0.001	0.2
1591	1	0	-18	-0.477	279.7022		14.061	0.01	0.22
1592	1	0	-34	-0.271	279.2801		14.62	0.003	0.2
1593	1	0	32	-0.137	278.8385		14.089	0.019	0.27
1594	1	NA	NA	1.565	278.3811		14.285	0.068	0.41
1595	1	0	-7	-0.238	277.9118		14.722	0.028	0.31
1596	1	0	-6	0.869	277.4344		15.066	0.021	0.28
1597	1	0	-49	-0.442	276.9527		15.141	0.007	0.2
1598	1	0	-42	-0.959	276.4705		15.075	0.001	0.2
1599	1	0	-10	1.956	275.9916		14.908	0	0.2
1600	1	0	-43	-2.034	275.5199		14.768	0.147	0.53
1601	1	0	-2	-0.958	275.0592		13.903	0.132	0.51
1602	1	0	-28	0.568	274.6133		15.494	0.05	0.37
1603	1	0	-31	1.093	274.186		14.536	0.019	0.27
1604	1	0	-17	0.397	273.7811		14.629	0.007	0.2
1605	1	0	-44	-0.309	273.4025		15.085	0	0.2
1606	1	0	-39	-0.272	273.054		14.043	0	0.2
1607	1	0	-7	-0.958	272.7393		14.945	0.013	0.24
1608	1	0	-26	0.37	272.4624		14.424	0.004	0.2
1609	1	0	-44	-0.055	272.227		14.378	0.001	0.2
1610	1	0	-31	1.196	272.0369		14.071	0.006	0.2
1611	1	0	-40	0.328	271.8949		15.001	0.002	0.2
1612	1	0	-6	0.075	271.7991		14.573	0	0.2
1613	1	0	-22	-1.13	271.7466		15.038	0.005	0.2
1614	1	0	-41	-0.357	271.7345		14.992	0.014	0.24
1615	1	0	-9	0.122	271.7599		13.782	0.004	0.2
1616	1	0	-40	-0.287	271.8199		15.438	0.001	0.2
1617	1	0	-29	0.37	271.9114		15.01	0	0.2
1618	1	0	-21	0.235	272.0316		14.843	0	0.2
1619	1	0	-21	-0.258	272.1776		14.638	0	0.2
1620	1	0	-54	0.309	272.3464		13.95	0	0.2
1621	1	0	-24	1.91	272.5351		14.694	0.025	0.3
1622	1	0	-19	-0.355	272.7408		15.634	0.033	0.32
1623	1	0	-7	-0.936	272.9606		14.061	0.007	0.2
1624	1	0	-9	-0.808	273.1914		14.703	0.002	0.2
1625	1	0	-23	0.387	273.4305		15.28	0	0.2
1626	1	0	-22	-1.477	273.6749		14.629	0.004	0.2
1627	1	0	-23	0.574	273.9216		15.289	0.001	0.2
1628	1	0	-41	0.264	274.1677		15.885	0	0.2
1629	1	0	-11	1.193	274.4103		14.936	0	0.2
1630	1	0	-40	0.856	274.6469		15.02	0.01	0.22
1631	1	0	-7	-0.713	274.8767		14.527	0.003	0.2
1632	1	0	-13	-2.415	275.0994		14.852	0.001	0.2
1633	1	0	-22	0.285	275.3145		14.834	0	0.2
1634	1	0	-34	0.488	275.5216		14.173	0	0.2
1635	1	0	-29	1.404	275.7205		14.703	0	0.2
1636	1	0	-20	0.223	275.9108		15.327	0	0.2
1637	1	0	-31	-1.019	276.0919		15.075	0	0.2
1638	1	0	-10	-0.998	276.2637		14.88	0	0.2
1639	1	0	-12	0.573	276.4257		14.322	0	0.2
1640	1	0	-13	0.995	276.5776		15.224	0.022	0.28
1641	1	0	-47	-0.189	276.719		13.299	0.157	0.54
1642	1	0	-6	0.542	276.8502		14.675	0.101	0.47
1643	1	0	-26	0.074	276.9714		14.75	0.036	0.33
1644	1	0	-30	0.167	277.0828		15.848	0.013	0.24
1645	1	0	-19	-1.775	277.1848		15.289	0.027	0.3
1646	1	0	9	0.557	277.2777		14.768	0.007	0.2
1647	1	0	-27	1.34	277.3615		15.094	0.002	0.2
1648	1	0	-33	-2.14	277.4368		14.768	0	0.2
1649	1	0	-26	0.274	277.5036		14.489	0	0.2
1650	1	0	-17	0.059	277.5623		14.666	0	0.2
1651	1	0	-18	2.332	277.6132		14.545	0	0.2
1652	1	0	-25	0.349	277.6564		15.131	0	0.2
1653	1	0	-18	-1.129	277.6924		13.913	0	0.2
1654	1	0	-24	-2.918	277.7212		15.206	0	0.2
1655	1	0	-21	0.807	277.7433		14.052	0	0.2
1656	1	0	-21	1.773	277.7589		13.931	0	0.2
1657	1	0	-7	-0.446	277.7682		13.448	0	0.2
1658	1	0	-34	-0.272	277.7714		14.378	0	0.2
1659	1	0	-21	-0.505	277.769		15.159	0	0.2
1660	1	0	-20	0.265	277.7611		14.452	0	0.2
1661	1	0	-13	1.125	277.748		14.508	0	0.2
1662	1	0	-30	0.485	277.73		15.652	0.013	0.24
1663	1	0	-21	-0.048	277.7073		14.629	0.004	0.2
1664	1	0	-36	-0.824	277.6802		14.88	0.001	0.2
1665	1	0	-34	0.49	277.649		14.238	0	0.2
1666	1	0	-26	0.144	277.6139		15.643	0	0.2
1667	1	0	-21	-0.528	277.5752		14.452	0.017	0.26
1668	1	0	-46	-0.85	277.5332		13.764	0.048	0.37
1669	1	0	-6	0.09	277.4881		14.908	0.011	0.23
1670	1	0	-25	-1.346	277.4402		14.461	0.002	0.2
1671	1	1	NA	0.93	277.3898		13.634	0	0.2
1672	1	0	-36	0.555	277.3372		15.113	0	0.2
1673	1	0	-9	-0.209	277.2825		14.759	0.07	0.41
1674	1	0	-13	1.485	277.2261		15.085	0.128	0.51
1675	1	0	-10	-0.573	277.1682		15.141	0.049	0.37
1676	1	0	-26	-1.312	277.1091		14.099	0.018	0.26
1677	1	0	2	0.547	277.0491		14.275	0.007	0.2
1678	1	0	-26	0.593	276.9884		14.675	0.001	0.2
1679	1	0	-34	-1.207	276.9273		14.294	0	0.2
1680	1	0	-34	1.686	276.8661		14.824	0.021	0.28
1681	1	0	-10	-0.621	276.805		15.187	0.018	0.27
1682	1	NA	NA	-0.228	276.7443		15.048	0.007	0.2
1683	1	NA	NA	2.222	276.6843		15.15	0.002	0.2
1684	1	NA	NA	-0.365	276.6252		15.289	0.001	0.2
1685	1	NA	NA	-2.772	276.5673		15.224	0	0.2
1686	1	NA	NA	-0.762	276.5108		14.852	0.006	0.2
1687	1	NA	NA	1.599	276.4561		15.448	0.003	0.2
1688	1	NA	NA	0.269	276.4034		14.722	0.002	0.2
1689	1	NA	NA	0.364	276.3529		14.899	0.001	0.2
1690	1	NA	NA	-0.407	276.305		15.103	0	0.2
1691	1	NA	NA	-1.183	276.2598		14.629	0	0.2
1692	1	NA	NA	1.152	276.2176		13.466	0	0.2
1693	1	NA	NA	0.327	276.1784		15.131	0	0.2
1694	1	NA	NA	0.406	276.1424		14.657	0.105	0.48
1695	1	NA	NA	0.94	276.1096		14.238	0.158	0.54
1696	1	0	-33	-1.366	276.0803		14.499	0.171	0.56
1697	1	NA	NA	-0.247	276.0545		14.638	0.075	0.43
1698	1	NA	NA	-1.228	276.0324		13.875	0.033	0.32
1699	1	NA	NA	0.45	276.014		14.75	0.009	0.21
1700	1	NA	NA	0.114	275.9996	5	14.703	0.004	0.2
1701	1	NA	NA	1.401	275.9892	11	15.01	0.001	0.2
1702	1	1	NA	1.219	275.9829	16	14.554	0.002	0.2
1703	1	NA	NA	-1.238	275.9809	23	13.848	0	0.2
1704	1	NA	NA	-0.993	275.9834	36	14.592	0.005	0.2
1705	1	NA	NA	-0.099	275.9903	58	14.964	0.002	0.2
1706	1	NA	NA	0.877	276.002	29	14.527	0.004	0.2
1707	1	NA	NA	0.017	276.0184	20	14.303	0.001	0.2
1708	1	NA	NA	-1.19	276.0397	10	14.508	0	0.2
1709	1	NA	NA	-0.655	276.066	8	15.02	0	0.2
1710	1	NA	NA	1.148	276.0974	3	14.973	0	0.2
1711	1	NA	NA	0.132	276.1342	0	15.057	0	0.2
1712	1	NA	NA	0.462	276.1763	0	14.834	0	0.2
1713	1	NA	NA	0.237	276.224	2	14.629	0	0.2
1714	1	NA	NA	0.146	276.2773	11	13.587	0	0.2
1715	1	NA	NA	-0.376	276.3363	27	14.517	0.001	0.2
1716	1	NA	NA	-0.867	276.4013	47	14.21	0	0.2
1717	1	NA	NA	-0.992	276.4723	63	14.201	0	0.2
1718	1	NA	NA	0.462	276.5494	60	12.889	0	0.2
1719	1	NA	NA	0.659	276.6328	39	14.238	0	0.2
1720	1	NA	NA	1.266	276.7225	28	14.768	0.005	0.2
1721	1	NA	NA	-0.157	276.8188	26	15.271	0.001	0.2
1722	1	NA	NA	-1.111	276.9217	22	15.066	0	0.2
1723	1	NA	NA	0.792	277.0314	11	15.261	0.003	0.2
1724	1	1	NA	-1.114	277.1473	21	15.02	0.001	0.2
1725	1	NA	NA	-0.896	277.2665	40	14.75	0	0.2
1726	1	NA	NA	2.162	277.3854	78	14.099	0	0.2
1727	1	NA	NA	1.563	277.5002	122	14.648	0	0.2
1728	1	NA	NA	-0.622	277.6075	103	14.461	0	0.2
1729	1	NA	NA	-1.697	277.7036	73	15.038	0	0.2
1730	1	NA	NA	-0.463	277.7849	47	14.331	0	0.2
1731	1	NA	NA	0.024	277.8477	35	14.582	0.024	0.29
1732	1	NA	NA	1.358	277.8885	11	14.582	0.008	0.2
1733	1	NA	NA	-1.15	277.9036	5	14.685	0.002	0.2
1734	1	1	NA	1.53	277.8894	16	14.378	0	0.2
1735	1	NA	NA	-1.377	277.8438	34	14.368	0	0.2
1736	1	NA	NA	-0.673	277.7705	70	14.703	0	0.2
1737	1	1	NA	0.244	277.6747	81	13.81	0	0.2
1738	1	NA	NA	1.347	277.5617	111	14.387	0	0.2
1739	1	1	NA	-0.899	277.4368	101	14.48	0.017	0.26
1740	1	NA	NA	0.624	277.305	73	13.773	0.035	0.33
1741	1	0	-15	0.35	277.1717	40	14.899	0.008	0.2
1742	1	NA	NA	-1.597	277.0421	20	15.336	0.002	0.2
1743	1	NA	NA	0.06	276.9214	16	14.899	0	0.2
1744	1	NA	NA	-0.881	276.8137	5	14.982	0	0.2
1745	1	NA	NA	0.074	276.7192	11	15.541	0	0.2
1746	1	0	-23	2.484	276.6366	22	14.173	0	0.2
1747	1	0	-4	2.368	276.5649	40	13.866	0.005	0.2
1748	1	0	-18	-3.669	276.503	60	15.448	0.001	0.2
1749	1	0	-8	0.94	276.4499	80.9	13.95	0	0.2
1750	1	0	-29	0.162	276.4045	83.4	14.406	0	0.2
1751	1	0	-33	0.842	276.3656	47.7	15.131	0	0.2
1752	1	0	-24	-1.977	276.3323	47.8	14.452	0	0.2
1753	1	NA	NA	0.185	276.3037	30.7	14.573	0	0.2
1754	1	0	1	0.696	276.2805	12.2	15.41	0	0.2
1755	1	0	-30	-0.017	276.2633	9.6	13.727	0	0.2
1756	1	0	-26	-0.52	276.2532	10.2	14.554	0	0.2
1757	1	NA	NA	-1.306	276.251	32.4	14.154	0	0.2
1758	1	0	-15	0.894	276.2574	47.6	14.694	0	0.2
1759	1	1	NA	0.316	276.2734	54	14.238	0	0.2
1760	1	0	-31	-0.22	276.2998	62.9	15.075	0.005	0.2
1761	1	0	-36	0.816	276.3374	85.9	14.136	0.001	0.2
1762	1	0	-19	1.04	276.3872	61.2	14.815	0.024	0.29
1763	1	NA	NA	-1.792	276.4499	45.1	14.954	0.007	0.2
1764	1	NA	NA	0.373	276.5257	36.4	15.113	0.002	0.2
1765	1	NA	NA	-1.274	276.6119	20.9	14.275	0	0.2
1766	1	NA	NA	1.483	276.7051	11.4	15.122	0	0.2
1767	1	NA	NA	0.025	276.8019	37.8	14.443	0	0.2
1768	1	0	-13	-0.067	276.8988	69.8	14.768	0	0.2
1769	1	0	-22	0.134	276.9924	106.1	14.843	0	0.2
1770	1	1	NA	-0.483	277.0793	100.8	14.75	0	0.2
1771	1	NA	NA	2.232	277.1562	81.6	15.075	0	0.2
1772	1	NA	NA	-0.842	277.2195	66.5	14.713	0.006	0.2
1773	1	NA	NA	-1.918	277.2659	34.8	14.685	0.002	0.2
1774	1	0	-33	-0.136	277.2919	30.6	14.015	0	0.2
1775	1	0	-3	1.108	277.2966	7	15.475	0	0.2
1776	1	NA	NA	0.503	277.2886	19.8	14.313	0	0.2
1777	1	NA	NA	-0.589	277.2789	92.5	14.806	0	0.2
1778	1	NA	NA	-0.349	277.2786	154.4	14.154	0.005	0.2
1779	1	NA	NA	0.694	277.2987	125.9	15.15	0.006	0.2
1780	1	NA	NA	-0.392	277.3503	84.8	15.029	0.001	0.2
1781	1	NA	NA	0.108	277.4445	68.1	14.787	0	0.2
1782	1	NA	NA	-1.976	277.5891	38.5	14.815	0	0.2
1783	1	NA	NA	0.991	277.7801	22.8	13.996	0.009	0.21
1784	1	NA	NA	2.631	278.01	10.2	14.889	0.042	0.35
1785	1	NA	NA	-1.099	278.2717	24.1	13.959	0.01	0.22
1786	1	NA	NA	-1.456	278.5577	82.9	14.768	0.002	0.2
1787	1	NA	NA	1.536	278.8608	132	15.075	0	0.2
1788	1	0	-30	0.147	279.1737	130.9	14.917	0.011	0.22
1789	1	0	-21	-1.916	279.489	118.1	14.368	0.003	0.2
1790	1	0	-32	-1.054	279.7996	89.9	14.787	0.001	0.2
1791	1	NA	NA	0.434	280.098	66.6	14.266	0	0.2
1792	1	0	-34	1.707	280.377	60	14.675	0	0.2
1793	1	1	NA	1.836	280.6293	46.9	14.964	0	0.2
1794	1	0	-6	-1.149	280.8476	41	15.252	0	0.2
1795	1	NA	NA	-0.697	281.0276	21.3	14.368	0	0.2
1796	1	0	-29	0.23	281.1777	16	14.945	0.018	0.26
1797	1	0	-25	0.645	281.3089	6.4	14.48	0.006	0.2
1798	1	0	-21	-1.868	281.4327	4.1	14.527	0.001	0.2
1799	1	1	NA	1.329	281.5602	6.8	15.029	0	0.2
1800	1	0	-25	-0.011	281.7028	14.5	14.703	0	0.2
1801	1	NA	NA	-1.139	281.8689	34	14.722	0.012	0.23
1802	1	NA	NA	0.489	282.0555	45	14.517	0.004	0.2
1803	1	0	-14	0.483	282.2566	43.1	13.234	0.001	0.2
1804	1	1	NA	1.152	282.4664	47.5	14.768	0.018	0.27
1805	1	0	3	-1.165	282.679	42.2	14.992	0.006	0.2
1806	1	0	-26	-0.615	282.8884	28.1	15.15	0.001	0.2
1807	1	0	-20	0.9	283.0889	10.1	14.731	0	0.2
1808	1	0	-24	-0.908	283.2745	8.1	14.127	0	0.2
1809	1	0	-35	-0.506	283.4394	2.5	14.545	0.198	0.59
1810	1	0	-27	0.591	283.5776	0	15.066	0.18	0.57
1811	1	0	-27	1.109	283.6832	1.4	14.61	0.067	0.41
1812	1	0	-36	-0.611	283.7504	5	15.01	0.025	0.29
1813	1	0	-18	-1.4	283.7733	12.2	15.038	0.009	0.21
1814	1	NA	NA	0.009	283.746	13.9	14.071	0	0.2
1815	1	0	-31	0.6	283.6652	35.4	14.452	0.199	0.59
1816	1	0	-10	2.362	283.5382	45.8	14.322	0.364	0.72
1817	1	0	-16	0.644	283.3749	41	14.992	0.194	0.58
1818	1	NA	NA	-1.222	283.1851	30.1	15.159	0.073	0.42
1819	1	0	-15	-0.863	282.9788	23.9	14.954	0.027	0.3
1820	1	0	-25	-1.245	282.7659	15.6	14.768	0.003	0.2
1821	1	0	-21	1.978	282.5561	6.6	14.052	0	0.2
1822	1	0	-9	-1.175	282.3595	4	14.815	0	0.2
1823	1	NA	NA	-0.861	282.1858	1.8	15.029	0	0.2
1824	1	NA	NA	-0.951	282.0451	8.5	15.048	0	0.2
1825	1	NA	NA	1.336	281.947	16.6	14.396	0	0.2
1826	1	NA	NA	0.277	281.9017	36.3	15.029	0	0.2
1827	1	NA	NA	0.186	281.916	49.6	14.294	0	0.2
1828	1	0	-23	1.441	281.9856	64.2	14.936	0	0.2
1829	1	0	-15	-0.912	282.1033	67	14.954	0	0.2
1830	1	0	-18	-0.019	282.2618	70.9	14.387	0	0.2
1831	1	0	-22	-1.445	282.4538	47.8	14.713	0.01	0.22
1832	1	NA	NA	0.311	282.6721	27.5	13.801	0.098	0.47
1833	1	0	7	1.8	282.9095	8.5	14.145	0.048	0.37
1834	1	0	-18	-0.613	283.1587	13.2	14.582	0.018	0.26
1835	1	0	-26	-0.334	283.4125	56.9	14.396	0.127	0.51
1836	1	0	-20	-0.5	283.665	121.5	15.085	0.116	0.49
1837	1	0	6	0.172	283.9157	138.3	14.154	0.042	0.35
1838	1	0	-3	0.182	284.1656	103.2	13.838	0.015	0.25
1839	1	0	-18	1.375	284.4154	85.7	14.778	0.006	0.2
1840	1	0	-7	1.014	284.6643	64.6	14.889	0.004	0.2
1841	1	0	-24	-1.515	284.9116	36.7	13.643	0.001	0.2
1842	2	1	NA	-1.912	285.1562	24.2	14.964	0	0.2
1843	2	0	-14	0.085	285.3973	10.7	14.573	0.004	0.2
1844	2	1	NA	1.911	285.6338	15	14.145	0.001	0.2
1845	2	0	-34	-0.213	285.8691	40.1	13.987	0	0.2
1846	2	0	-21	0.212	286.1226	61.5	15.252	0.006	0.2
1847	2	NA	NA	-1.947	286.4088	98.5	14.415	0.002	0.2
1848	2	NA	NA	-0.494	286.7047	124.7	14.554	0	0.2
1849	2	NA	NA	1.743	286.9777	96.1	14.21	0	0.2
1850	2	0	5	1.373	287.1989	66.5	14.117	0	0.2
1851	2	NA	NA	-2.192	287.353	64.2	14.192	0	0.2
1852	2	0	2	0.084	287.4281	54.1	14.489	0	0.2
1853	2	1	NA	1.535	287.4179	39	14.657	0	0.2
1854	2	0	6	0.508	287.3384	20.5	14.043	0.009	0.21
1855	2	0	-19	-1.242	287.2094	6.7	15.057	0.004	0.2
1856	2	NA	NA	-0.072	287.0445	4.3	14.787	0.001	0.2
1857	2	0	8	-1.196	286.8554	22.8	14.015	0	0.2
1858	2	0	-8	1.913	286.6542	55	15.187	0	0.2
1859	2	NA	NA	-0.208	286.4526	93.9	14.424	0	0.2
1860	2	0	-1	-0.034	286.2628	95.9	14.629	0.003	0.2
1861	2	NA	NA	-0.461	286.0976	77.2	14.387	0.002	0.2
1862	2	0	-10	1.299	285.9705	59	14.629	0.054	0.38
1863	2	0	-14	-1.555	285.8945	44	15.048	0.033	0.33
1864	2	NA	NA	-1.832	285.8829	47	15.15	0.012	0.23
1865	2	1	NA	0.022	285.9467	30.4	15.168	0.005	0.2
1866	2	1	NA	1.395	286.0875	16.2	13.41	0.001	0.2
1867	2	1	NA	0.398	286.3049	7.3	14.471	0	0.2
1868	2	1	NA	0.554	286.593	37.6	15.224	0	0.2
1869	2	0	-10	1.744	286.9253	74.1	14.266	0	0.2
1870	2	0	-8	-0.657	287.2732	139.1	14.843	0	0.2
1871	2	0	-13	-1.744	287.6232	111.1	13.736	0	0.2
1872	2	NA	NA	0.038	287.9655	101.4	14.75	0.001	0.2
1873	2	NA	NA	-0.006	288.2899	66	14.927	0.008	0.2
1874	2	NA	NA	-0.087	288.5816	44.6	15.029	0.002	0.2
1875	2	NA	NA	-0.15	288.8137	17	13.81	0.01	0.22
1876	2	NA	NA	0.099	288.9908	11.3	14.731	0.003	0.2
1877	2	NA	NA	0.544	289.1266	12.4	15.048	0.001	0.2
1878	2	NA	NA	1.775	289.2347	3.4	15.568	0	0.2
1879	2	1	NA	-1.302	289.3289	6	15.429	0	0.2
1880	2	NA	NA	-1.643	289.4227	32.2	15.354	0	0.2
1881	2	NA	NA	0.19	289.5298	54.3	14.992	0	0.2
1882	2	NA	NA	0.458	289.6638	59.4	15.159	0	0.2
1883	2	NA	NA	-0.57	289.8385	63.7	14.294	0.02	0.28
1884	2	NA	NA	0.84	290.0675	63.5	13.903	0.157	0.54
1885	2	NA	NA	1.691	290.3613	51.8	14.573	0.073	0.42
1886	2	NA	NA	-0.657	290.7177	25.5	14.778	0.045	0.36
1887	2	NA	NA	-2.015	291.1308	13.1	14.564	0.016	0.25
1888	2	NA	NA	0.906	291.5924	6.7	13.141	0.004	0.2
1889	2	1	NA	0.403	292.0939	6.2	15.01	0	0.2
1890	2	NA	NA	-0.347	292.6254	7.1	15.42	0.004	0.2
1891	2	NA	NA	1.696	293.1724	35.7	14.434	0.001	0.2
1892	2	NA	NA	0.17	293.7193	73	14.545	0.004	0.2
1893	2	NA	NA	-1.576	294.2504	85.2	14.294	0.001	0.2
1894	2	NA	NA	-1.058	294.7501	78	14.88	0	0.2
1895	2	NA	NA	0.611	295.1982	63.9	15.596	0	0.2
1896	2	NA	NA	-0.905	295.5566	41.7	15.01	0	0.2
1897	2	0	-6	1.236	295.7951	26.2	14.275	0	0.2
1898	2	0	17	1.147	295.9337	26.7	14.554	0.007	0.2
1899	2	0	8	-1.024	296.005	12.1	14.434	0.002	0.2
1900	2	0	18	-0.048	296.042	9.4	15.02	0	0.2
1901	2	0	-1	0.474	296.0795	2.7	14.852	0	0.2
1902	2	0	14	-2.025	296.1529	5.1	14.945	0.004	0.2
1903	2	0	-10	1.746	296.2935	24.4	14.843	0.069	0.41
1904	2	0	-7	-2.409	296.5177	42.1	14.982	0.038	0.34
1905	2	0	15	1.102	296.8311	63.3	14.443	0.014	0.24
1906	2	0	-2	0.763	297.2125	54.1	14.731	0.005	0.2
1907	2	0	-8	1.277	297.6338	61.7	15.01	0.013	0.24
1908	2	0	1	0.441	298.0673	48.5	14.629	0.006	0.2
1909	2	0	-5	-0.058	298.4849	43.9	15.057	0.001	0.2
1910	2	0	2	-1.815	298.8677	18.5	14.731	0	0.2
1911	2	0	3	-0.982	299.2334	5.7	14.806	0	0.2
1912	2	0	1	0.784	299.6083	3.6	14.517	0.031	0.32
1913	2	0	7	-0.186	300.0134	1.4	14.396	0.029	0.31
1914	2	0	9	1.151	300.4466	9.6	14.992	0.006	0.2
1915	2	1	NA	1.106	300.8996	47.4	14.852	0.001	0.2
1916	2	NA	NA	-0.057	301.3623	57	15.41	0.009	0.21
1917	2	0	-9	-0.905	301.8241	104.2	13.671	0.003	0.2
1918	2	0	5	-1.828	302.2744	80.8	14.071	0.001	0.2
1919	2	0	25	0.684	302.7027	63.5	14.201	0	0.2
1920	2	0	7	1.404	303.1019	37.6	15.224	0	0.2
1921	2	0	4	0.461	303.4792	26.1	15.113	0.005	0.2
1922	2	0	-12	-0.819	303.8453	14.2	13.959	0.001	0.2
1923	2	0	23	-0.129	304.2108	5.8	15.094	0	0.2
1924	2	0	14	0.652	304.5818	16.7	14.694	0.011	0.23
1925	2	0	2	-2.262	304.9478	44.4	15.401	0.005	0.2
1926	2	0	-6	1.012	305.3054	63.9	14.099	0.001	0.2
1927	2	0	3	0.771	305.6541	68.8	14.536	0	0.2
1928	2	0	-1	0.217	305.9935	77.8	15.131	0	0.2
1929	2	0	8	-0.855	306.3231	64.9	14.043	0.002	0.2
1930	2	0	10	0.157	306.6445	35.6	14.489	0.002	0.2
1931	2	1	NA	0.015	306.9672	21.1	14.136	0.006	0.2
1932	2	0	13	1.325	307.303	11.1	14.006	0.01	0.22
1933	2	0	5	0.416	307.6635	5.5	14.787	0.003	0.2
1934	2	0	37	-2.694	308.0582	8.7	15.243	0.001	0.2
1935	2	0	-11	1.04	308.4879	36.1	14.35	0	0.2
1936	2	0	12	-0.552	308.9476	79.7	14.685	0	0.2
1937	2	0	3	0.43	309.4196	114.4	14.229	0	0.2
1938	2	0	3	0.931	309.8808	109.6	15.048	0	0.2
1939	2	0	16	-1.74	310.2987	88.8	14.973	0	0.2
1940	2	0	32	-1.08	310.6366	67.8	13.652	0	0.2
1941	2	0	19	1.902	310.8735	47.5	13.95	0	0.2
1942	2	0	5	1.221	311.0148	30.4	14.303	0	0.2
1943	2	0	8	-0.93	311.0723	16.3	14.638	0	0.2
1944	2	0	2	0.311	311.078	9.7	14.899	0	0.2
1945	2	0	-5	0.431	311.0677	33.2	14.545	0	0.2
1946	2	0	3	-1.302	311.079	92.6	14.796	0	0.2
1947	2	0	-12	0.489	311.1283	151.6	13.652	0	0.2
1948	2	1	NA	-0.124	311.2316	136.3	14.554	0	0.2
1949	2	0	11	1.261	311.3967	134.7	14.592	0	0.2
1950	2	0	-3	-0.624	311.6149	83.9	15.085	0	0.2
1951	2	0	12	-0.97	311.8748	69.4	14.099	0	0.2
1952	2	0	4	1.412	312.183	31.5	14.527	0	0.2
1953	2	0	24	0.024	312.5505	13.9	14.015	0	0.2
1954	2	0	3	-0.871	312.9866	4.4	14.871	0	0.2
1955	2	0	12	-0.112	313.4854	38	14.368	0	0.2
1956	2	0	-7	-1.526	314.0156	141.7	14.554	0.005	0.2
1957	2	0	24	0.52	314.5505	190.2	14.294	0.001	0.2
1958	2	0	14	1.804	315.1034	184.8	14.62	0	0.2
1959	2	0	24	-0.855	315.6873	159	15.066	0	0.2
1960	2	0	12	0.345	316.2962	112.3	14.582	0	0.2
1961	2	1	NA	-0.873	316.9137	53.9	15.038	0	0.2
1962	2	0	12	0.934	317.5256	37.5	14.573	0	0.2
1963	2	0	36	-0.626	318.137	27.9	14.471	0.04	0.35
1964	2	0	14	-0.944	318.7672	10.2	14.415	0.055	0.38
1965	2	0	2	1.418	319.4374	15.1	14.545	0.03	0.31
1966	2	0	-4	-0.163	320.1606	47	14.322	0.01	0.22
1967	2	0	-7	-0.693	320.9385	93.8	14.936	0.003	0.2
1968	2	0	8	0.478	321.771	105.9	14.564	0.001	0.2
1969	2	0	-11	0.957	322.6602	105.5	13.475	0	0.2
1970	2	0	5	0.288	323.6044	104.5	14.796	0	0.2
1971	2	1	NA	-1.466	324.5984	66.6	14.052	0	0.2
1972	2	0	15	-0.588	325.6403	68.9	14.582	0	0.2
1973	2	0	-7	2.052	326.732	38	14.415	0	0.2
1974	2	0	13	-1.747	327.8725	34.5	14.815	0	0.2
1975	2	0	12	1.212	329.0619	15.5	14.88	0.024	0.29
1976	2	0	-2	-0.094	330.3074	12.6	14.536	0.015	0.25
1977	2	0	22	-1.576	331.6139	27.5	14.722	0.006	0.2
1978	2	1	NA	0.27	332.9802	92.5	14.778	0.002	0.2
1979	2	0	18	1.87	334.3961	155.4	14.768	0.001	0.2
1980	2	0	-1	-0.827	335.8481	154.6	15.029	0	0.2
1981	2	0	17	-0.856	337.321	140.5	13.838	0	0.2
1982	2	0	23	-0.565	338.8044	115.9	15.271	0.048	0.37
1983	2	0	5	1.653	340.2969	66.8	15.001	0.079	0.43
1984	2	0	5	0.203	341.7973	45.7	15.782	0.03	0.31
1985	2	0	6	-0.089	343.3018	18	14.871	0.011	0.22
1986	2	1	NA	-0.409	344.8094	13.4	15.196	0.004	0.2
1987	2	0	41	1.672	346.316	29.4	14.434	0	0.2
1988	2	1	NA	-0.73	347.8117	100.2	15.215	0	0.2
1989	2	0	25	-1.475	349.281	157.6	14.824	0	0.2
1990	2	0	23	-0.998	350.7144	142.6	14.973	0	0.2
1991	2	1	NA	-0.109	352.1146	145.7	15.066	0.037	0.34
1992	2	1	NA	1.379	353.4944	94.3	14.359	0.131	0.51
1993	2	1	NA	1.873	354.8775	54.6	14.889	0.053	0.38
1994	2	1	NA	-1.652	356.2925	29.9	15.531	0.02	0.27
1995	2	0	11	0.531	357.7644	17.5	14.75	0.007	0.2
1996	2	0	22	-0.758	359.3041	8.6	14.396	0.001	0.2
1997	2	0	10	-0.393	360.9143	21.5	14.61	0	0.2
1998	2	0	11	0.977	362.5939	64.3		0	0.2
1999	2	1	NA	1.434	364.3333	93.3		0	0.2
2000	2	0	15	-1.019	366.1165	119.6		0	0.2
2001	2	1	NA	0.065	367.9384	111			
2002	2	0	5	-1.078	369.801	104			
2003	2	0	14		371.6988	63.7			
2004	2	1	NA		373.618	40.4			
